V57,V58,V256B
1,5,566001
6,0,566001
1,0,566001
1,7,566001
6,0,566001
6,0,566001
6,0,566001
1,1,566001
6,0,566001
1,2,566001
6,0,566001
1,0,566004
1,0,566004
6,0,566004
6,0,566004
6,0,566004
6,0,566004
1,0,566004
6,0,566004
1,0,566004
1,4,566004
6,0,566004
6,0,566004
1,2,566004
6,0,566004
6,0,566004
1,1,566004
2,1,566004
1,2,566004
1,3,566004
6,0,566004
1,2,566004
1,2,566004
6,0,566004
6,0,566004
5,4,566004
1,3,566004
6,0,566004
1,2,566004
1,3,566004
6,0,566004
1,1,566004
1,2,566004
6,0,566004
1,2,566004
6,0,566004
6,0,566004
6,0,566004
6,0,566004
1,3,566004
1,3,566004
1,3,566004
6,0,566004
6,0,566004
5,6,566004
1,0,566004
1,2,566004
1,2,566004
5,4,566004
1,2,566004
1,4,566004
1,2,566004
1,1,566001
6,0,566004
6,0,566004
1,0,566004
6,0,566004
6,0,566004
6,0,566004
1,0,566004
1,0,566004
1,0,566004
1,2,566004
6,0,566004
1,2,566004
1,0,566004
1,4,566002
1,0,566002
6,0,566002
6,0,566002
1,1,566002
6,0,566002
5,0,566002
6,0,566002
1,0,566002
6,0,566002
6,0,566002
6,0,566002
6,0,566002
1,4,566002
6,0,566002
6,0,566002
6,0,566002
1,1,566002
1,3,566002
1,3,566002
6,0,566002
3,0,566002
1,2,566002
5,0,566002
6,0,566002
1,0,566002
6,0,566002
1,0,566002
1,0,566002
6,0,566002
1,5,566002
1,0,566002
1,2,566002
6,0,566002
1,3,566002
1,1,566002
1,3,566002
1,2,566002
1,2,566002
6,0,566002
6,0,566002
1,4,566002
6,0,566002
6,0,566002
1,3,566002
1,4,566002
6,0,566002
6,0,566002
6,0,566002
1,3,566002
1,1,566002
1,3,566002
6,0,566002
1,3,566002
6,0,566002
6,0,566002
6,0,566002
6,0,566002
6,0,566002
1,3,566002
6,0,566002
1,2,566002
6,0,566002
6,0,566002
1,3,566002
1,2,566002
1,2,566002
1,2,566002
1,8,566002
1,3,566002
6,0,566002
2,5,566002
1,3,566002
6,0,566003
6,0,566003
1,3,566003
6,0,566003
1,3,566003
1,1,566003
1,0,566003
1,4,566003
6,0,566003
1,2,566003
6,0,566003
1,2,566003
6,0,566003
1,3,566003
1,4,566003
2,0,566003
1,2,566003
1,1,566003
6,2,566003
1,4,566003
6,0,566003
6,0,566003
1,1,566003
1,4,566003
6,0,566003
1,2,566003
1,0,566003
1,0,566003
1,0,566003
1,1,566003
1,4,566003
1,5,566003
1,3,566003
1,3,566003
1,2,566003
1,2,566003
1,3,566003
1,2,566003
1,4,566003
1,1,566003
6,0,566003
1,4,566003
1,3,566003
5,1,566003
1,1,566003
1,4,566003
1,3,566003
1,3,566003
1,2,566003
1,3,566003
1,1,566003
1,3,566003
1,4,566003
1,2,566003
1,2,566003
1,3,566003
1,4,566003
1,2,566003
6,0,566003
1,3,566003
1,1,566003
1,2,566003
5,1,566003
1,4,566003
6,0,566003
1,0,566003
1,3,566003
6,1,566003
1,2,566003
1,3,566003
6,1,566003
1,3,566003
1,2,566003
6,0,566005
6,0,566005
6,0,566005
1,2,566005
6,0,566005
1,3,566005
6,0,566005
6,1,566005
6,1,566005
6,0,566005
6,0,566005
6,0,566005
6,0,566005
6,0,566005
6,0,566005
6,0,566005
6,0,566005
6,0,566005
6,0,566005
6,0,566005
1,0,566005
6,0,566005
1,5,566005
6,0,566005
6,0,566005
6,0,566005
6,0,566005
1,3,566005
6,0,566005
6,0,566005
1,2,566005
1,1,566005
6,0,566005
6,0,566005
6,0,566005
1,0,566005
1,2,566005
6,0,566005
6,0,566005
1,0,566005
1,3,566005
1,1,566005
6,0,566005
1,4,566005
6,0,566005
6,0,566005
6,0,566005
1,2,566005
6,0,566005
6,0,566005
6,0,566005
6,0,566005
6,0,566005
6,0,566005
1,0,566005
1,2,566007
6,0,566005
6,0,566005
6,0,566005
2,0,566005
6,0,566005
1,0,566005
6,0,566005
6,0,566005
1,5,566005
6,0,566005
6,0,566005
6,0,566005
6,0,566005
6,0,566005
1,4,566005
6,0,566005
6,0,566005
6,0,566005
1,7,566005
6,0,566005
1,0,566005
6,0,566005
6,0,566005
6,0,566005
6,0,566005
6,0,566005
6,0,566005
6,0,566006
6,0,566006
6,0,566006
6,0,566006
1,1,566006
1,2,566006
1,1,566006
6,0,566006
1,0,566006
6,0,566006
6,0,566006
6,0,566006
6,0,566006
6,0,566006
6,0,566006
1,3,566006
2,2,566006
2,2,566006
2,0,566006
2,2,566006
6,0,566006
2,3,566006
6,0,566006
1,3,566006
1,4,566006
2,2,566006
6,0,566006
2,1,566006
1,2,566006
6,0,566006
6,0,566006
1,5,566006
6,0,566006
6,0,566006
2,3,566006
6,0,566006
6,0,566006
6,0,566006
2,1,566006
6,0,566006
6,0,566006
1,0,566006
1,2,566006
6,0,566006
6,0,566006
6,0,566006
6,0,566006
1,5,566006
6,0,566006
6,0,566006
2,1,566006
6,0,566006
6,0,566006
6,0,566006
6,0,566006
1,3,566006
2,2,566006
6,0,566006
1,3,566006
6,0,566006
2,2,566006
6,0,566006
6,0,566006
2,2,566006
1,3,566006
6,0,566006
6,0,566006
6,0,566006
1,2,566006
2,2,566006
1,3,566006
1,5,566006
1,1,566006
6,0,566006
1,0,566006
6,0,566006
6,0,566006
6,0,566006
6,0,566006
6,0,566006
6,0,566006
6,0,566006
2,1,566006
1,0,566007
6,0,566007
1,0,566007
6,0,566007
6,0,566007
6,0,566007
1,1,566007
6,0,566007
6,0,566007
6,0,566007
6,0,566007
6,0,566007
6,0,566007
6,0,566007
6,0,566007
1,1,566007
6,0,566007
6,0,566007
1,4,566007
1,2,566007
6,0,566007
1,4,566007
6,0,566007
6,0,566007
1,4,566007
6,0,566007
6,0,566007
6,0,566007
6,0,566007
6,0,566007
6,0,566007
1,2,566007
1,0,566007
6,0,566007
6,0,566007
6,0,566007
1,2,566007
1,2,566007
6,0,566007
1,2,566007
6,0,566007
6,0,566007
1,2,566007
6,0,566007
6,0,566007
6,0,566007
6,0,566007
6,0,566007
6,0,566007
1,4,566007
6,0,566007
1,5,566007
6,0,566007
6,0,566007
6,0,566007
1,2,566007
1,1,566007
1,2,566007
6,0,566007
6,1,566007
6,0,566007
6,0,566007
6,0,566007
1,5,566007
1,0,566007
1,3,566007
1,3,566007
6,0,566007
6,0,566007
1,2,566007
6,0,566007
6,0,566007
6,0,566007
6,0,566007
6,0,566007
6,0,566009
6,0,566009
6,0,566009
6,0,566009
6,0,566009
1,2,566009
6,0,566009
1,3,566009
6,0,566009
1,5,566009
1,3,566009
6,0,566009
1,0,566009
1,4,566009
1,5,566009
1,2,566009
6,0,566009
6,0,566009
1,3,566009
6,0,566009
6,0,566009
1,3,566009
6,0,566009
6,0,566009
6,0,566009
6,0,566009
6,0,566009
1,7,566009
6,0,566009
6,0,566009
1,4,566009
6,0,566009
1,3,566009
1,2,566009
1,0,566009
1,5,566009
6,0,566009
6,0,566009
6,0,566009
1,5,566009
6,0,566009
6,0,566009
6,0,566009
1,1,566009
6,0,566009
1,2,566009
1,0,566009
6,0,566009
6,0,566009
6,0,566009
1,4,566009
1,2,566009
6,0,566009
6,7,566009
6,0,566009
1,0,566009
6,0,566009
1,1,566009
1,0,566009
1,0,566009
6,0,566009
1,0,566009
6,0,566009
6,0,566009
6,0,566009
1,6,566009
6,0,566009
6,0,566009
1,4,566009
1,1,566009
6,0,566009
1,6,566009
6,0,566009
6,0,566009
6,0,566009
6,0,566009
6,0,566009
6,0,566009
6,0,566009
6,0,566009
1,4,566009
6,0,566009
1,1,566009
1,6,566009
1,1,566009
6,0,566009
6,0,566009
6,0,566009
1,2,566009
1,3,566009
6,0,566009
6,0,566009
5,0,566008
1,4,566008
6,0,566008
2,3,566008
2,2,566008
6,5,566008
2,5,566008
6,0,566008
6,0,566008
6,0,566008
6,0,566008
1,1,566008
6,0,566008
6,0,566008
1,2,566008
6,0,566008
1,5,566008
6,0,566008
6,0,566008
2,3,566008
6,0,566008
2,3,566008
2,1,566008
6,0,566008
1,4,566008
1,3,566008
6,0,566008
6,0,566008
1,0,566008
1,3,566008
1,3,566008
1,4,566008
6,0,566008
1,5,566008
6,0,566008
6,0,566008
1,2,566008
6,0,566008
6,0,566008
6,0,566008
1,4,566008
6,0,566008
1,4,566008
6,0,566008
2,4,566008
6,0,566008
6,0,566008
6,0,566008
2,4,566008
6,0,566008
6,0,566008
1,7,566008
6,0,566008
6,0,566008
5,6,566008
1,3,566008
6,0,566008
6,0,566008
6,0,566008
5,7,566008
1,2,566008
6,0,566008
2,2,566008
1,3,566008
6,0,566008
1,6,566008
1,3,566008
6,0,566008
1,6,566008
1,1,566008
1,3,566008
6,0,566008
1,6,566008
6,0,566008
6,0,566008
1,8,566008
6,0,566008
1,3,566008
1,0,566008
6,0,566008
2,1,566008
6,0,566008
6,0,566008
6,0,566008
6,0,566008
2,3,566008
6,0,566010
6,0,566010
6,0,566010
6,0,566010
1,5,566010
6,0,566010
1,3,566010
6,0,566010
6,0,566010
1,1,566010
1,2,566010
6,0,566010
6,0,566010
1,5,566010
6,0,566010
6,0,566010
6,0,566010
6,0,566010
6,0,566010
1,3,566010
1,3,566010
6,0,566010
6,0,566010
1,5,566010
6,0,566010
6,0,566010
1,6,566010
1,3,566010
1,3,566010
6,0,566010
6,0,566010
5,4,566010
1,3,566010
1,4,566010
1,2,566010
6,0,566010
6,0,566010
6,0,566010
6,0,566010
1,4,566010
6,0,566010
6,0,566010
1,4,566010
1,0,566010
1,5,566010
6,0,566010
6,0,566010
6,0,566010
6,0,566010
1,7,566010
1,2,566010
1,7,566010
6,0,566010
1,6,566010
5,5,566010
6,0,566010
6,0,566010
6,0,566010
6,0,566010
1,6,566010
6,0,566010
1,6,566010
6,0,566010
6,0,566010
1,4,566010
6,0,566010
6,0,566010
6,0,566010
1,3,566010
1,4,566010
6,0,566010
6,0,566010
1,4,566010
6,0,566010
6,0,566010
6,0,566010
1,1,566010
6,0,566010
1,0,566010
6,0,566010
1,5,566010
1,4,566010
1,4,566010
1,0,566010
6,0,566010
6,0,566010
6,0,566010
1,6,566010
6,0,566010
1,1,566010
1,6,566011
6,0,566011
6,0,566011
6,0,566011
6,0,566011
1,2,566011
1,1,566011
1,2,566011
6,0,566011
6,0,566011
6,0,566011
6,0,566011
1,2,566011
1,4,566011
1,0,566011
6,0,566011
6,0,566011
1,1,566011
6,0,566011
1,4,566011
1,3,566011
1,1,566011
1,2,566011
1,3,566011
1,4,566011
1,7,566011
6,0,566011
1,6,566011
1,3,566011
1,4,566011
6,8,566011
6,0,566011
6,0,566011
1,4,566011
6,0,566011
1,2,566011
1,5,566011
6,0,566011
1,2,566011
6,0,566011
1,2,566011
6,0,566011
1,4,566011
1,8,566011
1,2,566011
6,0,566011
1,3,566011
6,0,566011
1,5,566011
1,0,566011
6,0,566011
1,1,566011
6,0,566011
6,0,566011
6,0,566011
6,0,566011
1,0,566011
6,0,566012
6,0,566012
1,3,566012
1,4,566012
6,0,566012
6,0,566012
6,0,566012
1,8,566012
6,0,566012
6,0,566012
1,3,566012
6,0,566012
1,6,566012
6,0,566012
1,5,566012
6,0,566012
2,5,566012
6,0,566012
1,0,566012
1,3,566012
1,4,566012
1,4,566012
1,3,566012
1,5,566012
1,6,566012
1,8,566012
1,8,566012
1,3,566012
1,8,566012
1,7,566012
1,4,566012
6,0,566012
6,0,566012
6,0,566012
1,6,566012
1,4,566012
6,0,566012
1,2,566012
1,5,566012
6,0,566012
6,0,566012
6,0,566012
1,7,566012
1,8,566012
6,0,566012
6,0,566012
1,1,566012
1,2,566012
1,0,566012
6,0,566012
6,0,566012
6,0,566012
6,0,566012
1,3,566012
6,0,566012
1,3,566012
6,0,566012
1,8,566012
1,7,566012
1,8,566012
6,0,566013
6,0,566013
6,0,566013
1,2,566013
6,0,566013
6,0,566013
6,0,566013
6,0,566013
6,0,566013
6,0,566013
3,1,566013
1,3,566013
1,2,566013
6,0,566013
6,0,566013
6,0,566013
6,0,566013
1,0,566013
1,0,566013
6,0,566013
1,3,566013
1,6,566013
6,0,566013
6,0,566013
6,0,566013
6,0,566013
6,0,566013
1,5,566013
1,2,566013
6,0,566013
6,0,566013
6,0,566013
6,0,566013
6,0,566013
6,0,566013
1,3,566013
6,0,566013
1,4,566013
1,2,566013
1,4,566013
1,3,566013
1,2,566013
4,1,566013
1,5,566013
1,5,566014
6,0,566014
1,1,566014
1,5,566014
6,0,566014
6,0,566014
6,0,566014
1,3,566014
1,8,566014
1,0,566014
1,1,566014
1,8,566014
1,1,566014
2,8,566014
6,0,566014
1,2,566014
2,7,566014
1,2,566014
1,3,566014
1,6,566014
1,3,566014
1,5,566014
1,6,566014
2,1,566014
1,2,566014
1,1,566014
6,0,566014
1,4,566014
6,0,566014
6,0,566014
6,0,566014
1,5,566014
1,4,566014
1,3,566014
6,0,566014
1,0,566014
6,0,566014
6,0,566014
1,7,566014
1,7,566014
5,7,566014
3,0,566014
2,3,566014
1,2,566014
1,1,566014
6,0,566014
2,1,566014
6,0,566014
6,0,566014
1,2,566014
1,4,566014
1,5,566014
6,0,566014
1,8,566014
1,4,566014
1,6,566014
1,4,566014
1,2,566014
6,0,566014
1,2,566014
6,0,566014
6,0,566014
6,1,566014
1,2,566014
1,3,566014
6,0,566014
1,2,566014
6,0,566014
1,2,566014
6,0,566014
6,0,566014
1,3,566014
1,2,566014
3,4,566014
5,8,566014
6,0,566014
6,0,566014
6,0,566014
5,0,566014
1,1,566014
1,2,566014
6,0,566014
1,3,566014
1,0,566014
6,0,566014
6,0,566014
1,7,566015
1,2,566015
6,0,566015
6,0,566015
1,5,566015
1,6,566015
1,6,566015
1,2,566015
1,6,566015
1,8,566015
1,7,566015
1,8,566015
1,3,566015
1,2,566015
1,5,566015
1,3,566015
1,3,566015
6,0,566015
1,6,566015
1,8,566015
1,4,566015
6,0,566015
6,0,566015
1,5,566015
6,0,566015
6,0,566015
1,2,566015
1,3,566015
1,2,566015
1,8,566015
1,8,566015
6,0,566015
1,3,566015
1,3,566015
1,1,566015
1,2,566015
1,7,566015
1,0,566015
6,0,566015
1,1,566015
1,3,566015
1,1,566015
1,3,566015
1,6,566015
1,6,566015
1,3,566015
1,2,566015
1,0,566015
1,2,566015
1,4,566015
6,0,566015
1,3,566015
1,2,566015
1,2,566015
1,0,566015
1,2,566015
5,0,566015
1,3,566015
5,8,566015
1,1,566015
6,0,566015
1,0,566015
1,4,566015
6,0,566015
1,1,566015
1,4,566015
6,0,566015
1,8,566015
1,4,566015
1,3,566015
1,2,566015
1,0,566015
1,6,566015
1,2,566015
1,5,566015
1,0,566015
1,7,566015
1,6,566015
1,4,566015
1,8,566015
1,8,566015
1,6,566015
1,5,566015
1,5,566015
1,8,566015
1,2,566015
6,0,566016
1,2,566016
1,5,566016
6,0,566016
1,2,566016
6,0,566016
1,2,566016
5,8,566016
1,5,566016
6,0,566016
1,6,566016
6,0,566016
6,0,566016
6,1,566016
6,0,566016
6,0,566016
1,4,566016
1,4,566016
1,2,566016
6,0,566016
1,1,566016
6,0,566016
6,0,566016
6,0,566016
6,0,566016
6,0,566016
1,5,566016
6,0,566016
1,1,566016
6,0,566016
6,0,566016
6,0,566016
6,0,566016
5,8,566016
1,6,566016
6,0,566016
1,4,566016
1,3,566016
1,4,566016
1,4,566016
6,0,566016
6,0,566016
6,0,566016
1,1,566016
1,8,566016
1,3,566016
1,5,566016
1,4,566016
1,1,566016
6,0,566016
6,0,566016
6,0,566016
6,0,566016
1,3,566016
1,4,566016
6,0,566016
1,2,566016
1,4,566016
1,6,566016
6,0,566016
6,0,566016
6,0,566016
1,2,566016
1,0,566016
1,0,566016
6,0,566016
6,0,566016
5,0,566016
6,0,566016
6,0,566016
6,0,566016
6,0,566016
6,0,566016
6,0,566016
6,0,566016
1,6,566016
1,3,566016
1,1,566016
6,0,566016
1,0,566016
1,4,566016
6,0,566016
6,0,566016
6,0,566016
1,5,566016
6,7,566016
6,0,566017
6,0,566017
1,4,566017
1,8,566017
6,0,566017
6,0,566017
6,0,566017
1,0,566017
6,0,566017
6,0,566017
1,4,566017
5,5,566017
1,3,566017
1,4,566017
1,8,566017
1,8,566017
1,3,566017
1,4,566017
1,4,566017
1,3,566017
1,7,566017
6,0,566017
1,5,566017
1,0,566017
6,0,566017
6,0,566017
1,2,566017
1,5,566017
6,0,566017
1,7,566017
1,4,566017
1,2,566017
6,0,566017
6,0,566017
6,0,566017
1,2,566017
5,1,566017
1,2,566017
6,0,566017
1,1,566017
6,0,566017
1,3,566017
1,7,566017
1,7,566017
1,0,566017
1,3,566017
1,2,566017
1,3,566017
1,0,566017
6,0,566017
1,2,566017
6,0,566017
6,0,566017
4,7,566017
1,4,566017
1,3,566017
6,0,566017
6,0,566017
6,0,566017
6,0,566017
6,0,566017
1,5,566017
6,0,566017
6,0,566017
1,2,566017
1,5,566017
6,0,566017
6,0,566017
6,0,566017
6,0,566017
6,0,566017
6,0,566017
6,0,566017
6,0,566017
6,0,566017
1,4,566017
1,0,566017
6,0,566017
6,0,566017
6,0,566017
6,0,566017
1,6,566017
6,0,566017
6,0,566017
6,0,566017
6,0,566017
6,0,566017
1,1,566017
6,0,566017
1,8,566017
6,0,566017
6,0,566017
6,0,566017
6,0,566017
6,0,566017
1,6,566017
6,0,566017
6,2,566017
1,8,566017
6,0,566017
6,3,566017
6,0,566017
6,0,566017
1,1,566017
6,0,566017
6,0,566017
6,0,566017
1,8,566017
5,8,566017
1,2,566017
6,0,566017
1,3,566017
6,0,566017
1,3,566017
6,0,566017
5,5,566017
3,0,566017
5,3,566017
5,5,566017
1,0,566017
6,0,566017
1,5,566017
1,3,566017
1,0,566017
1,0,566017
3,0,566017
1,7,566017
1,8,566018
1,4,566018
1,7,566018
6,0,566018
6,0,566018
1,3,566018
1,6,566018
1,6,566018
1,8,566018
1,2,566018
5,8,566018
1,4,566018
1,3,566018
6,0,566018
6,0,566018
1,2,566018
6,0,566018
1,0,566018
1,3,566018
5,4,566018
1,1,566018
1,2,566018
6,0,566018
1,3,566018
1,1,566018
6,0,566018
6,0,566018
1,6,566018
5,4,566018
1,3,566018
5,7,566018
6,0,566018
5,6,566018
1,5,566018
6,0,566018
1,2,566018
1,4,566018
1,0,566018
6,0,566018
1,2,566018
1,0,566018
1,3,566018
1,0,566018
1,0,566018
1,0,566018
1,0,566018
1,0,566006
1,0,566018
1,0,566018
1,2,566018
1,1,566018
6,0,566018
1,1,566018
2,0,566018
1,1,566018
1,0,566018
4,0,566018
4,1,566018
1,2,566018
1,4,566018
1,5,566018
1,0,566018
6,0,566018
6,0,566018
1,0,566018
1,4,566018
6,0,566018
1,3,566018
1,3,566018
6,0,566018
6,0,566018
6,0,566018
6,0,566018
6,0,566018
1,5,566018
6,0,566018
1,4,566018
5,7,566018
1,3,566018
1,5,566018
1,7,566018
1,2,566018
5,7,566018
1,3,566018
6,0,566018
6,0,566018
6,0,566018
6,0,566018
6,0,566018
1,6,566018
1,6,566018
6,0,566018
6,0,566018
1,3,566018
1,6,566018
1,6,566018
6,0,566018
1,3,566018
5,7,566018
1,3,566018
1,6,566018
6,0,566018
1,3,566018
5,7,566018
5,7,566018
6,0,566018
1,6,566018
1,8,566018
1,6,566018
5,0,566018
1,2,566018
1,6,566018
1,2,566018
1,5,566018
1,6,566018
1,1,566018
1,3,566018
1,8,566018
1,8,566018
1,7,566018
1,5,566018
1,6,566018
1,8,566018
1,2,566018
1,1,566018
1,2,566018
1,5,566018
1,2,566018
1,1,566019
1,2,566019
1,2,566019
2,1,566019
1,3,566019
1,6,566019
1,0,566019
1,2,566019
6,0,566019
1,1,566019
6,0,566019
1,2,566019
1,2,566019
1,5,566019
1,4,566019
6,0,566019
1,3,566019
1,4,566019
1,2,566019
1,2,566019
1,3,566019
1,6,566019
1,5,566019
1,2,566019
1,2,566019
1,2,566019
6,0,566019
1,1,566019
1,2,566019
1,0,566019
6,0,566019
1,2,566019
6,0,566019
1,2,566019
6,0,566019
1,0,566019
1,2,566019
1,2,566019
6,0,566019
1,1,566019
1,3,566019
1,2,566019
1,0,566019
1,0,566019
6,0,566019
1,2,566019
1,5,566019
6,0,566019
6,0,566019
6,0,566019
6,0,566019
1,1,566019
1,1,566019
6,0,566019
2,2,566019
1,1,566019
6,0,566019
1,4,566019
6,0,566019
1,8,566019
1,2,566019
6,0,566019
1,2,566019
6,0,566019
6,0,566019
6,0,566019
6,0,566019
1,2,566019
1,2,566019
1,2,566019
1,1,566019
1,1,566019
6,0,566019
1,2,566019
6,0,566019
6,0,566019
6,0,566019
1,2,566019
6,0,566019
5,8,566019
6,0,566019
6,0,566019
1,5,566019
1,6,566019
6,0,566019
6,0,566019
1,0,566019
6,0,566019
1,0,566019
1,0,566019
1,2,566019
1,2,566019
1,2,566019
6,0,566019
6,0,566019
1,0,566019
1,4,566019
1,6,566019
6,0,566019
6,0,566019
6,0,566019
1,2,566019
6,0,566019
6,0,566019
6,0,566019
1,0,566019
6,0,566019
6,0,566019
6,0,566019
6,0,566019
1,7,566019
1,2,566019
1,2,566019
6,0,566019
6,0,566019
6,0,566019
6,0,566019
6,0,566019
1,4,566019
6,0,566019
6,0,566019
6,0,566019
1,1,566019
1,2,566019
1,1,566019
1,2,566019
6,0,566019